{
    "available_space": false,
    "id": "e1",
    "size_max": 38.89275932312012,
    "size_mean": 9.289522523465363,
    "size_min": 0.9646368026733398,
    "total_size": 2136.5901803970337
}