{
    "available_space": true,
    "id": "e1",
    "size_max": 24.590848922729492,
    "size_mean": 7.951325181601704,
    "size_min": 1.7076835632324219,
    "total_size": 548.6414375305176
}